scenario,step,id,pos_x,pos_y,vel_x,vel_y,spin,energy
1,0,0,512,480.01,0,1,1,1
1,0,1,480.01,512,1,0,-1,1
1,50,0,511.99872,480.5105,-0.0068099517,0.9999775,1,1
1,50,1,480.5105,511.99872,0.9999775,-0.0068099517,-1,1
1,100,0,511.98904,481.0109,-0.034733314,0.9994058,1,1
1,100,1,481.0109,511.98904,0.9994058,-0.034733314,-1,1
1,150,0,511.9695,481.50986,-0.04747267,0.9988839,1,1
1,150,1,481.50986,511.9695,0.9988839,-0.04747267,-1,1
1,200,0,511.9372,482.0088,-0.08513897,0.9963953,1,1
1,200,1,482.0088,511.9372,0.9963953,-0.08513897,-1,1
1,250,0,511.89255,482.50623,-0.09733829,0.9952795,1,1
1,250,1,482.50623,511.89255,0.9952795,-0.09733829,-1,1
1,300,0,511.8355,483.003,-0.13433827,0.99097824,1,1
1,300,1,483.003,511.8355,0.99097824,-0.13433827,-1,1
1,350,0,511.7663,483.49835,-0.14646767,0.9892601,1,1
1,350,1,483.49835,511.7663,0.9892601,-0.14646767,-1,1
1,400,0,511.6847,483.99164,-0.18321009,0.9831334,1,1
1,400,1,483.99164,511.6847,0.9831334,-0.18321009,-1,1
1,450,0,511.5907,484.48282,-0.19574007,0.9807177,1,1
1,450,1,484.48282,511.5907,0.9807177,-0.19574007,-1,1
1,500,0,511.48468,484.9714,-0.23164439,0.97287756,1,1
1,500,1,484.9714,511.48468,0.97287756,-0.23164439,-1,1
1,550,0,511.36575,485.45712,-0.24505806,0.96958905,1,1
1,550,1,485.45712,511.36575,0.96958905,-0.24505806,-1,1
1,600,0,511.23544,485.93985,-0.27956071,0.96022326,1,1
1,600,1,485.93985,511.23544,0.96022326,-0.27956071,-1,1
1,650,0,511.09122,486.41867,-0.29491788,0.9556233,1,1
1,650,1,486.41867,511.09122,0.9556233,-0.29491788,-1,1
1,700,0,510.93796,486.89447,-0.31367743,0.94963646,1,1
1,700,1,486.89447,510.93796,0.94963646,-0.31367743,-1,1
1,750,0,510.77896,487.36868,-0.32312995,0.9464632,1,1
1,750,1,487.36868,510.77896,0.9464632,-0.32312995,-1,1
1,800,0,510.61084,487.83966,-0.352548,0.93591464,1,1
1,800,1,487.83966,510.61084,0.93591464,-0.352548,-1,1
1,850,0,510.42737,488.30487,-0.37336075,0.9278181,1,1
1,850,1,488.30487,510.42737,0.9278181,-0.37336075,-1,1
1,900,0,510.23495,488.76648,-0.3994226,0.91690964,1,1
1,900,1,488.76648,510.23495,0.91690964,-0.3994226,-1,1
1,950,0,510.02686,489.2211,-0.42433447,0.9056632,1,1
1,950,1,489.2211,510.02686,0.9056632,-0.42433447,-1,1
1,1000,0,509.81262,489.6729,-0.43419945,0.90097696,1,1
1,1000,1,489.6729,509.81262,0.90097696,-0.43419945,-1,1
1,1050,0,509.58936,490.12042,-0.45512027,0.8906001,1,1
1,1050,1,490.12042,509.58936,0.8906001,-0.45512027,-1,1
1,1100,0,509.3585,490.56406,-0.47173992,0.8819141,1,1
1,1100,1,490.56406,509.3585,0.8819141,-0.47173992,-1,1
1,1150,0,509.11374,491.00012,-0.5098699,0.8604551,1,1
1,1150,1,491.00012,509.11374,0.8604551,-0.5098699,-1,1
1,1200,0,508.8578,491.42978,-0.5150579,0.85736006,1,1
1,1200,1,491.42978,508.8578,0.85736006,-0.5150579,-1,1
1,1250,0,508.59552,491.85565,-0.5369658,0.8438206,1,1
1,1250,1,491.85565,508.59552,0.8438206,-0.5369658,-1,1
1,1300,0,508.32138,492.2739,-0.5540289,0.8327253,1,1
1,1300,1,492.2739,508.32138,0.8327253,-0.5540289,-1,1
1,1350,0,508.03918,492.68683,-0.57733434,0.81675076,1,1
1,1350,1,492.68683,508.03918,0.81675076,-0.57733434,-1,1
1,1400,0,507.7473,493.0929,-0.58665794,0.81008357,1,1
1,1400,1,493.0929,507.7473,0.81008357,-0.58665794,-1,1
1,1450,0,507.45123,493.4958,-0.60094607,0.79954636,1,1
1,1450,1,493.4958,507.45123,0.79954636,-0.60094607,-1,1
1,1500,0,507.14294,493.8896,-0.6345792,0.77314776,1,1
1,1500,1,493.8896,507.14294,0.77314776,-0.6345792,-1,1
1,1550,0,506.8196,494.27112,-0.6510534,0.7593414,1,1
1,1550,1,494.27112,506.8196,0.7593414,-0.6510534,-1,1
1,1600,0,506.4899,494.64722,-0.6703933,0.74233234,1,1
1,1600,1,494.64722,506.4899,0.74233234,-0.6703933,-1,1
1,1650,0,506.146,495.01028,-0.7063136,0.70827734,1,1
1,1650,1,495.01028,506.146,0.70827734,-0.7063136,-1,1
1,1700,0,505.79193,495.36362,-0.71081144,0.70376426,1,1
1,1700,1,495.36362,505.79193,0.70376426,-0.71081144,-1,1
1,1750,0,505.4325,495.71133,-0.72938627,0.6845058,1,1
1,1750,1,495.71133,505.4325,0.6845058,-0.72938627,-1,1
1,1800,0,505.05975,496.0449,-0.7590469,0.65149474,1,1
1,1800,1,496.0449,505.05975,0.65149474,-0.7590469,-1,1
1,1850,0,504.67917,496.36926,-0.7651188,0.6443549,1,1
1,1850,1,496.36926,504.67917,0.6443549,-0.7651188,-1,1
1,1900,0,504.29184,496.6857,-0.7861259,0.61857045,1,1
1,1900,1,496.6857,504.29184,0.61857045,-0.7861259,-1,1
1,1950,0,503.891,496.9849,-0.81111914,0.5854524,1,1
1,1950,1,496.9849,503.891,0.5854524,-0.81111914,-1,1
1,2000,0,503.48428,497.27612,-0.817644,0.57630765,1,1
1,2000,1,497.27612,503.48428,0.57630765,-0.817644,-1,1
1,2050,0,503.0709,497.5576,-0.8377314,0.5467221,1,1
1,2050,1,497.5576,503.0709,0.5467221,-0.8377314,-1,1
1,2100,0,502.64926,497.82654,-0.84706336,0.5321598,1,1
1,2100,1,497.82654,502.64926,0.5321598,-0.84706336,-1,1
1,2150,0,502.22238,498.0874,-0.8579275,0.51447296,1,1
1,2150,1,498.0874,502.22238,0.51447296,-0.8579275,-1,1
1,2200,0,501.79205,498.34198,-0.8631163,0.50572205,1,1
1,2200,1,498.34198,501.79205,0.50572205,-0.8631163,-1,1
1,2250,0,501.35794,498.5904,-0.8751306,0.48464784,1,1
1,2250,1,498.5904,501.35794,0.48464784,-0.8751306,-1,1
1,2300,0,500.91507,498.82315,-0.89333296,0.45025548,1,1
1,2300,1,498.82315,500.91507,0.45025548,-0.89333296,-1,1
1,2350,0,500.46722,499.0455,-0.8986075,0.43963894,1,1
1,2350,1,499.0455,500.46722,0.43963894,-0.8986075,-1,1
1,2400,0,500.01633,499.26233,-0.9060605,0.4240748,1,1
1,2400,1,499.26233,500.01633,0.4240748,-0.9060605,-1,1
1,2450,0,499.56244,499.47217,-0.9108004,0.41223893,1,1
1,2450,1,499.47217,499.56244,0.41223893,-0.9108004,-1,1
1,2500,0,499.10672,499.66797,-0.9209948,0.37535962,1,1
1,2500,1,499.67633,499.09787,0.39165467,-0.9388697,-1,1
1,2550,0,498.64392,499.84967,-0.9281277,0.35737905,1,1
1,2550,1,499.86652,498.62616,0.37399492,-0.9460504,-1,1
1,2600,0,498.17755,500.02197,-0.9381975,0.33006647,1,1
1,2600,1,500.04703,498.15067,0.34713587,-0.95624137,-1,1
1,2650,0,497.70657,500.1818,-0.9436173,0.31425092,1,1
1,2650,1,500.21545,497.6705,0.33109164,-0.9619191,-1,1
1,2700,0,497.2329,500.3332,-0.95198137,0.28795022,1,1
1,2700,1,500.37476,497.1875,0.30282074,-0.9711996,-1,1
1,2750,0,496.75455,500.46863,-0.9592218,0.26286733,1,1
1,2750,1,500.51837,496.69974,0.28035873,-0.9779301,-1,1
1,2800,0,496.2736,500.59506,-0.9654398,0.23905014,1,1
1,2800,1,500.65277,496.20908,0.25361133,-0.9852139,-1,1
1,2850,0,495.78897,500.70566,-0.9717462,0.21201764,1,1
1,2850,1,500.77164,495.71454,0.23020484,-0.9909542,-1,1
1,2900,0,495.302,500.807,-0.97632325,0.1898586,1,1
1,2900,1,500.8811,495.21783,0.20411752,-0.9966623,-1,1
1,2950,0,494.81232,500.893,-0.9813273,0.16208956,1,1
1,2950,1,500.97513,494.71783,0.18089366,-1.0011473,-1,1
1,3000,0,494.32083,500.96967,-0.9846255,0.1407098,1,1
1,3000,1,501.0628,494.21698,0.16974019,-1.0031005,-1,1
1,3050,0,493.82767,501.0327,-0.98737586,0.11996462,1,1
1,3050,1,501.14325,493.71497,0.15567097,-1.0053823,-1,1
1,3100,0,493.33328,501.0885,-0.989657,0.09945271,1,1
1,3100,1,501.21545,493.21133,0.12923011,-1.009129,-1,1
1,3150,0,492.83765,501.12894,-0.992178,0.07013037,1,1
1,3150,1,501.27225,492.70612,0.10645435,-1.0117942,-1,1
1,3200,0,492.34167,501.15994,-0.9933992,0.050025996,1,1
1,3200,1,501.31964,492.19952,0.07935462,-1.0142876,-1,1
1,3250,0,491.84424,501.17584,-0.9944671,0.0201068,1,1
1,3250,1,501.35165,491.6916,0.056972582,-1.0157987,-1,1
1,3300,0,491.3468,501.18192,-0.99467456,0.00046344605,1,1
1,3300,1,501.37418,491.18347,0.029274613,-1.0169815,-1,1
1,3350,0,490.84937,501.17316,-0.9942602,-0.029124288,1,1
1,3350,1,501.3814,490.67535,0.0073434566,-1.0173843,-1,1
1,3400,0,490.35193,501.15457,-0.9934956,-0.04875417,1,1
1,3400,1,501.3789,490.16724,-0.020888314,-1.0172046,-1,1
1,3450,0,489.8559,501.12085,-0.99155045,-0.079138465,1,1
1,3450,1,501.36142,489.65912,-0.04164395,-1.0165744,-1,1
1,3500,0,489.36023,501.07748,-0.9898477,-0.09821037,1,1
1,3500,1,501.33426,489.151,-0.07084982,-1.014966,-1,1
1,3550,0,488.86646,501.01923,-0.98632497,-0.12896356,1,1
1,3550,1,501.2922,488.6443,-0.090576865,-1.0134028,-1,1
1,3600,0,488.3736,500.95285,-0.9851325,-0.13778606,1,1
1,3600,1,501.24033,488.13818,-0.12068218,-1.0102698,-1,1
1,3650,0,487.8818,500.878,-0.98202914,-0.15843302,1,1
1,3650,1,501.17355,487.63397,-0.13996612,-1.0077859,-1,1
1,3700,0,487.3913,500.79526,-0.9789783,-0.17632838,1,1
1,3700,1,501.09686,487.13107,-0.17038456,-1.0031011,-1,1
1,3750,0,486.90347,500.69766,-0.97243625,-0.2094888,1,1
1,3750,1,501.00534,486.6305,-0.18966277,-0.999642,-1,1
1,3800,0,486.4179,500.58975,-0.9687943,-0.22574773,1,1
1,3800,1,500.9081,486.13147,-0.2015651,-0.99731207,-1,1
1,3850,0,485.9357,500.4678,-0.9601675,-0.2600614,1,1
1,3850,1,500.80325,485.6338,-0.21529905,-0.99444044,-1,1
1,3900,0,485.45636,500.33508,-0.9560927,-0.27467397,1,1
1,3900,1,500.68896,485.138,-0.24528012,-0.9874829,-1,1
1,3950,0,484.98093,500.18896,-0.94492936,-0.31096396,1,1
1,3950,1,500.55988,484.64606,-0.2642442,-0.9825851,-1,1
1,4000,0,484.50916,500.03128,-0.9407284,-0.3234573,1,1
1,4000,1,500.42123,484.15656,-0.29384467,-0.9741526,-1,1
1,4050,0,484.0399,499.8661,-0.9362955,-0.33608136,1,1
1,4050,1,500.2673,483.6716,-0.31448972,-0.9676936,-1,1
1,4100,0,483.57248,499.69565,-0.93219686,-0.34729317,1,1
1,4100,1,500.104,483.18976,-0.34218016,-0.9582618,-1,1
1,4150,0,483.10922,499.51474,-0.9195796,-0.3794756,1,1
1,4150,1,499.92566,482.7131,-0.36208725,-0.9509279,-1,1
1,4200,0,482.65176,499.31927,-0.9121745,-0.39696288,1,1
1,4200,1,499.74017,482.2394,-0.38315606,-0.94264185,-1,1
1,4250,0,482.19846,499.11453,-0.8993351,-0.42527416,1,1
1,4250,1,499.54102,481.77127,-0.40586662,-0.9330989,-1,1
1,4300,0,481.75296,498.8939,-0.8882722,-0.4479472,1,1
1,4300,1,499.3333,481.30682,-0.42837548,-0.9229893,-1,1
1,4350,0,481.31104,498.6655,-0.8773893,-0.46891814,1,1
1,4350,1,499.10974,480.84973,-0.45766598,-0.90883785,-1,1
1,4400,0,480.87738,498.42212,-0.86120915,-0.49804094,1,1
1,4400,1,498.87848,480.39645,-0.4665963,-0.9042868,-1,1
1,4450,0,480.44873,498.1698,-0.85146654,-0.51452816,1,1
1,4450,1,498.6405,479.94684,-0.4861106,-0.8939544,-1,1
1,4500,0,480.02777,497.90512,-0.83686614,-0.5379696,1,1
1,4500,1,498.39505,479.5011,-0.49924448,-0.8866896,-1,1
1,4550,0,479.6104,497.63443,-0.83085006,-0.547218,1,1
1,4550,1,498.13742,479.06244,-0.5340954,-0.86616355,-1,1
1,4600,0,479.19943,497.35425,-0.81105876,-0.576167,1,1
1,4600,1,497.86627,478.63193,-0.54528725,-0.859168,-1,1
1,4650,0,478.8,497.05783,-0.79342335,-0.6002448,1,1
1,4650,1,497.58926,478.20526,-0.5659632,-0.84569865,-1,1
1,4700,0,478.40485,496.75583,-0.78692603,-0.60874003,1,1
1,4700,1,497.29932,477.7871,-0.5865165,-0.8315879,-1,1
1,4750,0,478.01578,496.44586,-0.76689684,-0.63380456,1,1
1,4750,1,497.0017,477.37445,-0.6069207,-0.81682384,-1,1
1,4800,0,477.6342,496.12665,-0.7582474,-0.6441317,1,1
1,4800,1,496.69644,476.96744,-0.61563486,-0.81027836,-1,1
1,4850,0,477.2583,495.80084,-0.74807703,-0.65592134,1,1
1,4850,1,496.38654,476.564,-0.6271201,-0.8014255,-1,1
1,4900,0,476.8876,495.46912,-0.73648745,-0.66891444,1,1
1,4900,1,496.06583,476.16898,-0.65809524,-0.77621245,-1,1
1,4950,0,476.52206,495.13177,-0.72313684,-0.6833316,1,1
1,4950,1,495.73248,475.78445,-0.6698904,-0.7660644,-1,1
1,5000,0,476.16483,494.78555,-0.7098539,-0.6971288,1,1
1,5000,1,495.3932,475.4052,-0.6897719,-0.74822354,-1,1
1,5050,0,475.81277,494.4341,-0.70058477,-0.70644647,1,1
1,5050,1,495.03946,475.03952,-0.72721565,-0.71192473,-1,1
1,5100,0,475.46634,494.0771,-0.68253046,-0.7239142,1,1
1,5100,1,494.67227,474.68744,-0.73942,-0.69924986,-1,1
1,5150,0,475.12875,493.71182,-0.6706288,-0.73495936,1,1
1,5150,1,494.29727,474.34354,-0.7629403,-0.67352784,-1,1
1,5200,0,474.79675,493.3415,-0.66023874,-0.744311,1,1
1,5200,1,493.90704,474.01724,-0.7922439,-0.63884264,-1,1
1,5250,0,474.47104,492.96555,-0.64203167,-0.7600809,1,1
1,5250,1,493.50958,473.69937,-0.79933167,-0.6299546,-1,1
1,5300,0,474.15207,492.5839,-0.63113743,-0.7691543,1,1
1,5300,1,493.10492,473.3909,-0.8213477,-0.60098994,-1,1
1,5350,0,473.84143,492.19534,-0.6160236,-0.78131896,1,1
1,5350,1,492.69016,473.09604,-0.83323807,-0.58440673,-1,1
1,5400,0,473.5364,491.80255,-0.6064075,-0.78880805,1,1
1,5400,1,492.27133,472.80713,-0.84072655,-0.5735857,-1,1
1,5450,0,473.2374,491.40494,-0.5867047,-0.8035787,1,1
1,5450,1,491.84784,472.52496,-0.8506553,-0.5587626,-1,1
1,5500,0,472.9531,490.99664,-0.5537894,-0.82663006,1,1
1,5500,1,491.4202,472.2492,-0.86206985,-0.5409952,-1,1
1,5550,0,472.67807,490.58218,-0.5436229,-0.8333533,1,1
1,5550,1,490.98355,471.98798,-0.88476783,-0.5030586,-1,1
1,5600,0,472.41342,490.161,-0.51221764,-0.8530327,1,1
1,5600,1,490.5401,471.73837,-0.8911118,-0.49173844,-1,1
1,5650,0,472.16492,489.73,-0.49042803,-0.8657573,1,1
1,5650,1,490.09042,471.50015,-0.9090492,-0.45776343,-1,1
1,5700,0,471.9242,489.29477,-0.47489902,-0.87437683,1,1
1,5700,1,489.6333,471.27652,-0.9173017,-0.44100907,-1,1
1,5750,0,471.68973,488.85605,-0.46445268,-0.8799723,1,1
1,5750,1,489.1715,471.06262,-0.93105507,-0.41120625,-1,1
1,5800,0,471.4611,488.41418,-0.4465413,-0.8892006,1,1
1,5800,1,488.70325,470.8636,-0.9392101,-0.39224434,-1,1
1,5850,0,471.24713,487.96503,-0.40894687,-0.90712583,1,1
1,5850,1,488.23135,470.67316,-0.9497395,-0.3660366,-1,1
1,5900,0,471.04483,487.51056,-0.3964365,-0.9126653,1,1
1,5900,1,487.7533,470.4986,-0.9590304,-0.34098664,-1,1
1,5950,0,470.85022,487.0527,-0.38357607,-0.9181476,1,1
1,5950,1,487.27203,470.3332,-0.9671815,-0.31715068,-1,1
1,6000,0,470.6608,486.59277,-0.37263316,-0.92264503,1,1
1,6000,1,486.78537,470.18353,-0.975667,-0.29004005,-1,1
2,0,0,480,511.99,0,-1,1,1
2,0,1,511.99,480,-1,0,-1,1
2,50,0,480.00208,511.4895,0.012249716,-0.999927,1,1
2,50,1,511.4895,480.00208,-0.999927,0.012249716,-1,1
2,100,0,480.01666,510.98956,0.048491724,-0.9988395,1,1
2,100,1,510.98956,480.01666,-0.9988395,0.048491724,-1,1
2,150,0,480.04312,510.4906,0.061222777,-0.9981422,1,1
2,150,1,510.4906,480.04312,-0.9981422,0.061222777,-1,1
2,200,0,480.0822,509.9921,0.09885151,-0.995135,1,1
2,200,1,509.9921,480.0822,-0.995135,0.09885151,-1,1
2,250,0,480.13367,509.49466,0.111034416,-0.99385154,1,1
2,250,1,509.49466,480.13367,-0.99385154,0.111034416,-1,1
2,300,0,480.19757,508.9988,0.14797191,-0.98904127,1,1
2,300,1,508.9988,480.19757,-0.98904127,0.14797191,-1,1
2,350,0,480.27368,508.5045,0.16007657,-0.9871565,1,1
2,350,1,508.5045,480.27368,-0.9871565,0.16007657,-1,1
2,400,0,480.36203,508.01245,0.19673142,-0.9805243,1,1
2,400,1,508.01245,480.36203,-0.9805243,0.19673142,-1,1
2,450,0,480.4631,507.52274,0.2097454,-0.9778257,1,1
2,450,1,507.52274,480.4631,-0.9778257,0.2097454,-1,1
2,500,0,480.57596,507.03564,0.24504936,-0.96959484,1,1
2,500,1,507.03564,480.57596,-0.96959484,0.24504936,-1,1
2,550,0,480.7021,506.55188,0.25891894,-0.9659874,1,1
2,550,1,506.55188,480.7021,-0.9659874,0.25891894,-1,1
2,600,0,480.8392,506.07108,0.2928058,-0.9562749,1,1
2,600,1,506.07108,480.8392,-0.9562749,0.2928058,-1,1
2,650,0,480.99033,505.59436,0.3086118,-0.9512969,1,1
2,650,1,505.59436,480.99033,-0.9512969,0.3086118,-1,1
2,700,0,481.14706,505.11945,0.3200908,-0.9474983,1,1
2,700,1,505.11945,481.14706,-0.9474983,0.3200908,-1,1
2,750,0,481.31067,504.64688,0.3327778,-0.94312,1,1
2,750,1,504.64688,481.31067,-0.94312,0.3327778,-1,1
2,800,0,481.4834,504.17758,0.36162037,-0.93245226,1,1
2,800,1,504.17758,481.4834,-0.93245226,0.36162037,-1,1
2,850,0,481.67178,503.71445,0.38357332,-0.923649,1,1
2,850,1,503.71445,481.67178,-0.923649,0.38357332,-1,1
2,900,0,481.86905,503.25494,0.40860048,-0.91286236,1,1
2,900,1,503.25494,481.86905,-0.91286236,0.40860048,-1,1
2,950,0,482.0821,502.80276,0.43474147,-0.9007208,1,1
2,950,1,502.80276,482.0821,-0.9007208,0.43474147,-1,1
2,1000,0,482.30347,502.3543,0.45378438,-0.89128435,1,1
2,1000,1,502.3543,482.30347,-0.89128435,0.45378438,-1,1
2,1050,0,482.5394,501.91345,0.48596206,-0.87417465,1,1
2,1050,1,501.91345,482.5394,-0.87417465,0.48596206,-1,1
2,1100,0,482.78516,501.47806,0.50053716,-0.8659153,1,1
2,1100,1,501.47806,482.78516,-0.8659153,0.50053716,-1,1
2,1150,0,483.04327,501.04987,0.5294103,-0.848586,1,1
2,1150,1,501.04987,483.04327,-0.848586,0.5294103,-1,1
2,1200,0,483.30954,500.6264,0.53794634,-0.8432021,1,1
2,1200,1,500.6264,483.30954,-0.8432021,0.53794634,-1,1
2,1250,0,483.585,500.209,0.56651187,-0.82429683,1,1
2,1250,1,500.209,483.585,-0.82429683,0.56651187,-1,1
2,1300,0,483.8767,499.80283,0.591354,-0.80667937,1,1
2,1300,1,499.80283,483.8767,-0.80667937,0.591354,-1,1
2,1350,0,484.17505,499.40134,0.6003527,-0.800007,1,1
2,1350,1,499.40134,484.17505,-0.800007,0.6003527,-1,1
2,1400,0,484.47983,499.00482,0.6215404,-0.783669,1,1
2,1400,1,499.00482,484.47983,-0.783669,0.6215404,-1,1
2,1450,0,484.79245,498.6144,0.6313275,-0.77580893,1,1
2,1450,1,498.6144,484.79245,-0.77580893,0.6313275,-1,1
2,1500,0,485.11346,498.2309,0.6488627,-0.7612133,1,1
2,1500,1,498.2309,485.11346,-0.7612133,0.6488627,-1,1
2,1550,0,485.44037,497.8526,0.6576725,-0.7536169,1,1
2,1550,1,497.8526,485.44037,-0.7536169,0.6576725,-1,1
2,1600,0,485.7726,497.4788,0.67391014,-0.7391394,1,1
2,1600,1,497.4788,485.7726,-0.7391394,0.67391014,-1,1
2,1650,0,486.11658,497.11557,0.6959805,-0.71841365,1,1
2,1650,1,497.11557,486.11658,-0.71841365,0.6959805,-1,1
2,1700,0,486.46613,496.75815,0.702675,-0.71186864,1,1
2,1700,1,496.75815,486.46613,-0.71186864,0.702675,-1,1
2,1750,0,486.82187,496.40665,0.72285444,-0.69138134,1,1
2,1750,1,496.40665,486.82187,-0.69138134,0.72285444,-1,1
2,1800,0,487.18945,496.0676,0.7410966,-0.6718077,1,1
2,1800,1,496.0676,487.18945,-0.6718077,0.7410966,-1,1
2,1850,0,487.56177,495.73355,0.74825007,-0.6638332,1,1
2,1850,1,495.73355,487.56177,-0.6638332,0.74825007,-1,1
2,1900,0,487.94055,495.40695,0.7689543,-0.6397522,1,1
2,1900,1,495.40695,487.94055,-0.6397522,0.7689543,-1,1
2,1950,0,488.3282,495.0906,0.7791014,-0.62736267,1,1
2,1950,1,495.0906,488.3282,-0.62736267,0.7791014,-1,1
2,2000,0,488.72018,494.7799,0.7873779,-0.616947,1,1
2,2000,1,494.7799,488.72018,-0.616947,0.7873779,-1,1
2,2050,0,489.11746,494.4761,0.79944867,-0.60123235,1,1
2,2050,1,494.4761,489.11746,-0.60123235,0.79944867,-1,1
2,2100,0,489.51944,494.17856,0.8108768,-0.585735,1,1
2,2100,1,494.17856,489.51944,-0.585735,0.8108768,-1,1
2,2150,0,489.92963,493.8927,0.825951,-0.564297,1,1
2,2150,1,493.8927,489.92963,-0.564297,0.825951,-1,1
2,2200,0,490.34372,493.61237,0.83170384,-0.55578566,1,1
2,2200,1,493.61237,490.34372,-0.55578566,0.83170384,-1,1
2,2250,0,490.76358,493.34058,0.84946615,-0.52826,1,1
2,2250,1,493.34058,490.76358,-0.52826,0.84946615,-1,1
2,2300,0,491.1938,493.0855,0.86573076,-0.5011915,1,1
2,2300,1,493.0855,491.1938,-0.5011915,0.86573076,-1,1
2,2350,0,491.62817,492.83725,0.870922,-0.492118,1,1
2,2350,1,492.83725,491.62817,-0.492118,0.870922,-1,1
2,2400,0,492.06656,492.5963,0.882015,-0.4719614,1,1
2,2400,1,492.5963,492.06656,-0.4719614,0.882015,-1,1
2,2450,0,492.50565,492.36618,0.8845987,-0.45380116,1,1
2,2450,1,492.3621,492.5099,-0.45295733,0.8845917,-1,1
2,2500,0,492.95215,492.14755,0.9024883,-0.41750634,1,1
2,2500,1,492.14392,492.9564,-0.41666353,0.90244716,-1,1
2,2550,0,493.40546,491.9429,0.90963286,-0.40171552,1,1
2,2550,1,491.9393,493.4094,-0.40161902,0.9092475,-1,1
2,2600,0,493.8638,491.7503,0.9247102,-0.3657181,1,1
2,2600,1,491.74673,493.8675,-0.36563677,0.9243214,-1,1
2,2650,0,494.3289,491.57462,0.9327478,-0.34473148,1,1
2,2650,1,491.5711,494.33243,-0.344659,0.9323573,-1,1
2,2700,0,494.79752,491.40833,0.942598,-0.31683677,1,1
2,2700,1,491.40488,494.80087,-0.31677598,0.94220555,-1,1
2,2750,0,495.27136,491.2581,0.95017177,-0.29337788,1,1
2,2750,1,491.25464,495.27463,-0.29332688,0.9497779,-1,1
2,2800,0,495.7481,491.1168,0.9575516,-0.26833975,1,1
2,2800,1,491.11337,495.7511,-0.2682991,0.9571568,-1,1
2,2850,0,496.2293,490.99136,0.9643365,-0.24287619,1,1
2,2850,1,490.98785,496.2322,-0.24381933,0.96369433,-1,1
2,2900,0,496.712,490.87234,0.9675871,-0.22959459,1,1
2,2900,1,490.8684,496.71472,-0.230063,0.96707326,-1,1
2,2950,0,497.19757,490.76434,0.9724416,-0.20810944,1,1
2,2950,1,490.7603,497.1996,-0.20829757,0.97200114,-1,1
2,3000,0,497.6848,490.66476,0.9768362,-0.18642396,1,1
2,3000,1,490.6607,497.6867,-0.18662181,0.97639996,-1,1
2,3050,0,498.175,490.5807,0.9819598,-0.15729666,1,1
2,3050,1,490.57657,498.17673,-0.1575074,0.9815296,-1,1
2,3100,0,498.66663,490.5063,0.98501676,-0.13688923,1,1
2,3100,1,490.502,498.6682,-0.13710892,0.9845912,-1,1
2,3150,0,499.16034,490.4469,0.9886476,-0.10768825,1,1
2,3150,1,490.4425,499.1618,-0.107920446,0.9882284,-1,1
2,3200,0,499.6549,490.3971,0.99062985,-0.08764784,1,1
2,3200,1,490.39264,499.6562,-0.087888464,0.9902153,-1,1
2,3250,0,500.15082,490.36255,0.9928313,-0.057795417,1,1
2,3250,1,490.358,500.15207,-0.05804842,0.9924239,-1,1
2,3300,0,500.6473,490.3376,0.99378353,-0.038177177,1,1
2,3300,1,490.3329,500.64804,-0.038438182,0.9933813,-1,1
2,3350,0,501.14474,490.32767,0.99449897,-0.007744447,1,1
2,3350,1,490.3228,501.14548,-0.008017648,0.9941047,-1,1
2,3400,0,501.64218,490.3277,0.9944679,0.011399948,1,1
2,3400,1,490.32263,501.6429,0.011119207,0.9940791,-1,1
2,3450,0,502.13962,490.34244,0.9936803,0.04147328,1,1
2,3450,1,490.3372,502.1399,0.041180912,0.9933002,-1,1
2,3500,0,502.63635,490.36703,0.9927021,0.060593,1,1
2,3500,1,490.3617,502.6358,0.06029337,0.99232775,-1,1
2,3550,0,503.13226,490.40665,0.9903488,0.0914527,1,1
2,3550,1,490.4012,503.13123,0.09114158,0.9899839,-1,1
2,3600,0,503.62677,490.4561,0.98846406,0.11000502,1,1
2,3600,1,490.4505,503.6256,0.10968711,0.9881053,-1,1
2,3650,0,504.1201,490.5202,0.9845036,0.14121173,1,1
2,3650,1,490.51453,504.1187,0.14088263,0.9841548,-1,1
2,3700,0,504.6118,490.59436,0.98176676,0.159155,1,1
2,3700,1,490.5885,504.61005,0.15881962,0.9814236,-1,1
2,3750,0,505.1011,490.6833,0.97598475,0.19151218,1,1
2,3750,1,490.67725,505.09918,0.1911656,0.9756528,-1,1
2,3800,0,505.58856,490.78232,0.9725397,0.2083193,1,1
2,3800,1,490.77615,505.58646,0.20796707,0.9722138,-1,1
2,3850,0,506.07272,490.89554,0.96465856,0.24226572,1,1
2,3850,1,490.88928,506.0704,0.24190226,0.96434534,-1,1
2,3900,0,506.55435,491.01938,0.96162045,0.25406483,1,1
2,3900,1,491.0129,506.55194,0.25456265,0.96108335,-1,1
2,3950,0,507.03442,491.14926,0.95793694,0.26762736,1,1
2,3950,1,491.1428,507.0319,0.26721746,0.9576443,-1,1
2,4000,0,507.51285,491.2855,0.9541686,0.28077382,1,1
2,4000,1,491.27887,507.5102,0.28035998,0.95388204,-1,1
2,4050,0,507.9873,491.4343,0.9425898,0.31753278,1,1
2,4050,1,491.4274,507.9845,0.31710798,0.9423196,-1,1
2,4100,0,508.45782,491.59583,0.9382697,0.33008853,1,1
2,4100,1,491.58878,508.45477,0.32966024,0.93800515,-1,1
2,4150,0,508.92413,491.76852,0.9257029,0.3638815,1,1
2,4150,1,491.76126,508.92096,0.3634439,0.9254541,-1,1
2,4200,0,509.38492,491.95535,0.91924435,0.37991658,1,1
2,4200,1,491.94794,509.3817,0.37947488,0.91900325,-1,1
2,4250,0,509.84323,492.14835,0.91438264,0.3914787,1,1
2,4250,1,492.14096,509.8398,0.39134485,0.914014,-1,1
2,4300,0,510.2988,492.34775,0.90908545,0.40363327,1,1
2,4300,1,492.3402,510.29504,0.4031673,0.9088638,-1,1
2,4350,0,510.7508,492.55515,0.8973293,0.4291541,1,1
2,4350,1,492.54736,510.74695,0.42868203,0.8971209,-1,1
2,4400,0,511.19513,492.7784,0.8844971,0.45504275,1,1
2,4400,1,492.77072,511.1912,0.45535192,0.88389796,-1,1
2,4450,0,511.63522,493.01016,0.8743487,0.47426125,1,1
2,4450,1,493.0026,511.63092,0.47534373,0.873316,-1,1
2,4500,0,512.0713,493.24918,0.869694,0.48274678,1,1
2,4500,1,493.2419,512.06647,0.48339334,0.8688877,-1,1
2,4550,0,512.50415,493.4932,0.86173755,0.49681646,1,1
2,4550,1,493.4862,512.4992,0.49701923,0.8611694,-1,1
2,4600,0,512.9303,493.74966,0.8405313,0.5319398,1,1
2,4600,1,493.7427,512.9251,0.53169864,0.8402209,-1,1
2,4650,0,513.34766,494.02042,0.8312964,0.54627126,1,1
2,4650,1,494.01334,513.3423,0.5462488,0.8308426,-1,1
2,4700,0,513.7619,494.29556,0.8237087,0.5576508,1,1
2,4700,1,494.28836,513.7564,0.55721056,0.8235339,-1,1
2,4750,0,514.16974,494.5801,0.81116146,0.57576174,1,1
2,4750,1,494.57263,514.16425,0.5750742,0.81116885,-1,1
2,4800,0,514.57275,494.87173,0.7981554,0.59366935,1,1
2,4800,1,494.86392,514.56726,0.59298235,0.798178,-1,1
2,4850,0,514.9676,495.17426,0.78522,0.6106881,1,1
2,4850,1,495.16626,514.9621,0.6105119,0.784861,-1,1
2,4900,0,515.3586,495.4814,0.7782087,0.6196007,1,1
2,4900,1,495.4732,515.3528,0.6193818,0.77788264,-1,1
2,4950,0,515.7427,495.79727,0.7562216,0.64627194,1,1
2,4950,1,495.7889,515.73676,0.646042,0.7559032,-1,1
2,5000,0,516.1128,496.12906,0.73301595,0.6725052,1,1
2,5000,1,496.1212,516.1068,0.67399263,0.7311186,-1,1
2,5050,0,516.4767,496.46823,0.7195949,0.68685335,1,1
2,5050,1,496.46094,516.46985,0.6879437,0.71801275,-1,1
2,5100,0,516.82935,496.81903,0.6881623,0.7183715,1,1
2,5100,1,496.81216,516.8217,0.71904653,0.6868921,-1,1
2,5150,0,517.16473,497.1865,0.66298014,0.7417029,1,1
2,5150,1,497.18002,517.15625,0.74293596,0.6610119,-1,1
2,5200,0,517.4923,497.5607,0.6448047,0.7575654,1,1
2,5200,1,497.5548,517.48303,0.75842863,0.64318645,-1,1
2,5250,0,517.80585,497.9468,0.6067432,0.7884102,1,1
2,5250,1,497.94122,517.7959,0.7888895,0.6054782,-1,1
2,5300,0,518.1052,498.34412,0.5960481,0.7965339,1,1
2,5300,1,498.33908,518.0941,0.797698,0.59383655,-1,1
2,5350,0,518.39984,498.74487,0.5793956,0.80873346,1,1
2,5350,1,498.7403,518.3878,0.8092735,0.5779697,-1,1
2,5400,0,518.68195,499.15436,0.55659074,0.8246076,1,1
2,5400,1,499.14984,518.6695,0.8247517,0.55567837,-1,1
2,5450,0,518.9566,499.56906,0.5389462,0.8362523,1,1
2,5450,1,499.5646,518.9438,0.8363771,0.5380308,-1,1
2,5500,0,519.2223,499.9893,0.5266143,0.8440762,1,1
2,5500,1,499.9853,519.209,0.8445876,0.5250556,-1,1
2,5550,0,519.4837,500.41257,0.5163551,0.8503931,1,1
2,5550,1,500.40875,519.46985,0.85086507,0.5148245,-1,1
2,5600,0,519.73486,500.84192,0.48520267,0.8685599,1,1
2,5600,1,500.83835,519.7202,0.8689763,0.48365572,-1,1
2,5650,0,519.9698,501.28036,0.46336222,0.8804181,1,1
2,5650,1,501.27698,519.95416,0.88079566,0.46180528,-1,1
2,5700,0,520.19946,501.72177,0.45328742,0.885649,1,1
2,5700,1,501.71854,520.1826,0.8859817,0.4517795,-1,1
2,5750,0,520.4205,502.1674,0.4352638,0.8946511,1,1
2,5750,1,502.16425,520.4029,0.8945357,0.43460813,-1,1
2,5800,0,520.63416,502.61658,0.41615775,0.9037023,1,1
2,5800,1,502.61334,520.6163,0.90357316,0.41550472,-1,1
2,5850,0,520.8325,503.07263,0.38109037,0.9190591,1,1
2,5850,1,503.0693,520.81445,0.91890484,0.38044283,-1,1
2,5900,0,521.0201,503.53323,0.36897296,0.9239932,1,1
2,5900,1,503.52982,521.00183,0.9247853,0.3659246,-1,1
2,5950,0,521.2018,503.99622,0.35530543,0.929337,1,1
2,5950,1,503.99283,521.183,0.92920023,0.35456952,-1,1
2,6000,0,521.3774,504.46188,0.34383935,0.93364215,1,1
2,6000,1,504.45847,521.35834,0.9334792,0.34315196,-1,1
3,0,0,512,480.01,0,1,1,1
3,0,1,460.01,512,1,0,-1,1
3,50,0,511.99872,480.5105,-0.0068099517,0.9999775,1,1
3,50,1,460.5105,511.99872,0.9999775,-0.0068099517,-1,1
3,100,0,511.98904,481.0109,-0.034733314,0.9994058,1,1
3,100,1,461.0109,511.98904,0.9994058,-0.034733314,-1,1
3,150,0,511.9695,481.50986,-0.04747267,0.9988839,1,1
3,150,1,461.50986,511.9695,0.9988839,-0.04747267,-1,1
3,200,0,511.9372,482.0088,-0.08513897,0.9963953,1,1
3,200,1,462.0088,511.9372,0.9963953,-0.08513897,-1,1
3,250,0,511.89255,482.50623,-0.09733829,0.9952795,1,1
3,250,1,462.50623,511.89255,0.9952795,-0.09733829,-1,1
3,300,0,511.8355,483.003,-0.13433827,0.99097824,1,1
3,300,1,463.003,511.8355,0.99097824,-0.13433827,-1,1
3,350,0,511.7663,483.49835,-0.14646767,0.9892601,1,1
3,350,1,463.49835,511.7663,0.9892601,-0.14646767,-1,1
3,400,0,511.6847,483.99164,-0.18321009,0.9831334,1,1
3,400,1,463.99164,511.6847,0.9831334,-0.18321009,-1,1
3,450,0,511.5907,484.48282,-0.19574007,0.9807177,1,1
3,450,1,464.48282,511.5907,0.9807177,-0.19574007,-1,1
3,500,0,511.48468,484.9714,-0.23164439,0.97287756,1,1
3,500,1,464.9714,511.48468,0.97287756,-0.23164439,-1,1
3,550,0,511.36575,485.45712,-0.24505806,0.96958905,1,1
3,550,1,465.45712,511.36575,0.96958905,-0.24505806,-1,1
3,600,0,511.23544,485.93985,-0.27956071,0.96022326,1,1
3,600,1,465.93985,511.23544,0.96022326,-0.27956071,-1,1
3,650,0,511.09122,486.41867,-0.29491788,0.9556233,1,1
3,650,1,466.41867,511.09122,0.9556233,-0.29491788,-1,1
3,700,0,510.93796,486.89447,-0.31367743,0.94963646,1,1
3,700,1,466.89447,510.93796,0.94963646,-0.31367743,-1,1
3,750,0,510.77896,487.36868,-0.32312995,0.9464632,1,1
3,750,1,467.36868,510.77896,0.9464632,-0.32312995,-1,1
3,800,0,510.61084,487.83966,-0.352548,0.93591464,1,1
3,800,1,467.83966,510.61084,0.93591464,-0.352548,-1,1
3,850,0,510.42737,488.30487,-0.37336075,0.9278181,1,1
3,850,1,468.30487,510.42737,0.9278181,-0.37336075,-1,1
3,900,0,510.23495,488.76648,-0.3994226,0.91690964,1,1
3,900,1,468.76648,510.23495,0.91690964,-0.3994226,-1,1
3,950,0,510.02686,489.2211,-0.42433447,0.9056632,1,1
3,950,1,469.2211,510.02686,0.9056632,-0.42433447,-1,1
3,1000,0,509.81262,489.6729,-0.43419945,0.90097696,1,1
3,1000,1,469.6729,509.81262,0.90097696,-0.43419945,-1,1
3,1050,0,509.58936,490.12042,-0.45512027,0.8906001,1,1
3,1050,1,470.12042,509.58936,0.8906001,-0.45512027,-1,1
3,1100,0,509.3585,490.56406,-0.47173992,0.8819141,1,1
3,1100,1,470.56406,509.3585,0.8819141,-0.47173992,-1,1
3,1150,0,509.11374,491.00012,-0.5098699,0.8604551,1,1
3,1150,1,471.00012,509.11374,0.8604551,-0.5098699,-1,1
3,1200,0,508.8578,491.42978,-0.5150579,0.85736006,1,1
3,1200,1,471.42978,508.8578,0.85736006,-0.5150579,-1,1
3,1250,0,508.59552,491.85565,-0.5369658,0.8438206,1,1
3,1250,1,471.85565,508.59552,0.8438206,-0.5369658,-1,1
3,1300,0,508.32138,492.2739,-0.5540289,0.8327253,1,1
3,1300,1,472.2739,508.32138,0.8327253,-0.5540289,-1,1
3,1350,0,508.03918,492.68683,-0.57733434,0.81675076,1,1
3,1350,1,472.68683,508.03918,0.81675076,-0.57733434,-1,1
3,1400,0,507.7473,493.0929,-0.58665794,0.81008357,1,1
3,1400,1,473.0929,507.7473,0.81008357,-0.58665794,-1,1
3,1450,0,507.45123,493.4958,-0.60094607,0.79954636,1,1
3,1450,1,473.4958,507.45123,0.79954636,-0.60094607,-1,1
3,1500,0,507.14294,493.8896,-0.6345792,0.77314776,1,1
3,1500,1,473.8896,507.14294,0.77314776,-0.6345792,-1,1
3,1550,0,506.8196,494.27112,-0.6510534,0.7593414,1,1
3,1550,1,474.27112,506.8196,0.7593414,-0.6510534,-1,1
3,1600,0,506.4899,494.64722,-0.6703933,0.74233234,1,1
3,1600,1,474.64722,506.4899,0.74233234,-0.6703933,-1,1
3,1650,0,506.146,495.01028,-0.7063136,0.70827734,1,1
3,1650,1,475.01028,506.146,0.70827734,-0.7063136,-1,1
3,1700,0,505.79193,495.36362,-0.71081144,0.70376426,1,1
3,1700,1,475.36362,505.79193,0.70376426,-0.71081144,-1,1
3,1750,0,505.4325,495.71133,-0.72938627,0.6845058,1,1
3,1750,1,475.71133,505.4325,0.6845058,-0.72938627,-1,1
3,1800,0,505.05975,496.0449,-0.7590469,0.65149474,1,1
3,1800,1,476.0449,505.05975,0.65149474,-0.7590469,-1,1
3,1850,0,504.67917,496.36926,-0.7651188,0.6443549,1,1
3,1850,1,476.36926,504.67917,0.6443549,-0.7651188,-1,1
3,1900,0,504.29184,496.6857,-0.7861259,0.61857045,1,1
3,1900,1,476.6857,504.29184,0.61857045,-0.7861259,-1,1
3,1950,0,503.891,496.9849,-0.81111914,0.5854524,1,1
3,1950,1,476.9849,503.891,0.5854524,-0.81111914,-1,1
3,2000,0,503.48428,497.27612,-0.817644,0.57630765,1,1
3,2000,1,477.27612,503.48428,0.57630765,-0.817644,-1,1
3,2050,0,503.0709,497.5576,-0.8377314,0.5467221,1,1
3,2050,1,477.5576,503.0709,0.5467221,-0.8377314,-1,1
3,2100,0,502.64926,497.82654,-0.84706336,0.5321598,1,1
3,2100,1,477.82654,502.64926,0.5321598,-0.84706336,-1,1
3,2150,0,502.22238,498.0874,-0.8579275,0.51447296,1,1
3,2150,1,478.0874,502.22238,0.51447296,-0.8579275,-1,1
3,2200,0,501.79205,498.34198,-0.8631163,0.50572205,1,1
3,2200,1,478.34198,501.79205,0.50572205,-0.8631163,-1,1
3,2250,0,501.35794,498.5904,-0.8751306,0.48464784,1,1
3,2250,1,478.5904,501.35794,0.48464784,-0.8751306,-1,1
3,2300,0,500.91507,498.82315,-0.89333296,0.45025548,1,1
3,2300,1,478.82315,500.91507,0.45025548,-0.89333296,-1,1
3,2350,0,500.46722,499.0455,-0.8986075,0.43963894,1,1
3,2350,1,479.0455,500.46722,0.43963894,-0.8986075,-1,1
3,2400,0,500.01633,499.26233,-0.9060605,0.4240748,1,1
3,2400,1,479.26233,500.01633,0.4240748,-0.9060605,-1,1
3,2450,0,499.56238,499.4722,-0.9112884,0.4127263,1,1
3,2450,1,479.4722,499.56238,0.4127263,-0.9112884,-1,1
3,2500,0,499.10797,499.66675,-0.91677356,0.37117523,1,1
3,2500,1,479.67102,499.10342,0.37943342,-0.92566055,-1,1
3,2550,0,498.64722,499.8465,-0.9238258,0.35327747,1,1
3,2550,1,479.8548,498.63818,0.36136124,-0.932872,-1,1
3,2600,0,498.18292,500.01694,-0.9330671,0.32811803,1,1
3,2600,1,480.02936,498.16928,0.3380727,-0.9415698,-1,1
3,2650,0,497.71597,500.1795,-0.9354218,0.321345,1,1
3,2650,1,480.19684,497.69778,0.33059567,-0.9442218,-1,1
3,2700,0,497.24637,500.33463,-0.94383776,0.29574084,1,1
3,2700,1,480.35632,497.22366,0.3037956,-0.9531912,-1,1
3,2750,0,496.77155,500.47366,-0.9516618,0.2695467,1,1
3,2750,1,480.49973,496.7442,0.27921364,-0.9606906,-1,1
3,2800,0,496.2944,500.60364,-0.9578005,0.24687243,1,1
3,2800,1,480.63412,496.2624,0.25487155,-0.96744055,-1,1
3,2850,0,495.81326,500.71796,-0.9645658,0.21900864,1,1
3,2850,1,480.75266,495.7765,0.22830321,-0.97406435,-1,1
3,2900,0,495.3301,500.82315,-0.9691057,0.19798025,1,1
3,2900,1,480.86206,495.2884,0.20559776,-0.97911453,-1,1
3,2950,0,494.84393,500.91302,-0.974666,0.16856132,1,1
3,2950,1,480.95596,494.79706,0.17825533,-0.9844711,-1,1
3,3000,0,494.35596,500.9933,-0.9778839,0.14879186,1,1
3,3000,1,481.04196,494.3042,0.16720872,-0.9864088,-1,1
3,3050,0,493.8662,501.06494,-0.9792047,0.13984817,1,1
3,3050,1,481.12158,493.8103,0.15358119,-0.98862493,-1,1
3,3100,0,493.37616,501.1312,-0.9816584,0.12146509,1,1
3,3100,1,481.1939,493.31537,0.1320447,-0.99173653,-1,1
3,3150,0,492.8842,501.18246,-0.9851026,0.08947434,1,1
3,3150,1,481.25067,492.81842,0.103662,-0.9951154,-1,1
3,3200,0,492.39133,501.2238,-0.98653924,0.071975864,1,1
3,3200,1,481.29813,492.32056,0.08249441,-0.9970983,-1,1
3,3250,0,491.8974,501.25052,-0.988376,0.03973328,1,1
3,3250,1,481.3303,491.8216,0.05346866,-0.9990873,-1,1
3,3300,0,491.403,501.26712,-0.9889178,0.022678822,1,1
3,3300,1,481.35275,491.32187,0.032727733,-0.9999864,-1,1
3,3350,0,490.90863,501.26932,-0.9891394,-0.010120265,1,1
3,3350,1,481.3601,490.82138,0.003968624,-1.0005254,-1,1
3,3400,0,490.41425,501.26108,-0.9888344,-0.02668624,1,1
3,3400,1,481.35788,490.3209,-0.016791716,-1.0003974,-1,1
3,3450,0,489.91986,501.23853,-0.9873892,-0.059959687,1,1
3,3450,1,481.3403,489.8204,-0.045542747,-0.9995129,-1,1
3,3500,0,489.42654,501.20544,-0.9862877,-0.07599638,1,1
3,3500,1,481.31332,489.32126,-0.066271655,-0.9983575,-1,1
3,3550,0,488.93423,501.15836,-0.9830239,-0.110592216,1,1
3,3550,1,481.27103,488.8229,-0.094944164,-0.99605143,-1,1
3,3600,0,488.4429,501.1003,-0.98122585,-0.12557024,1,1
3,3600,1,481.21936,488.32547,-0.11559084,-0.993872,-1,1
3,3650,0,487.9536,501.02856,-0.9760573,-0.16097365,1,1
3,3650,1,481.15253,487.82965,-0.14411463,-0.99015,-1,1
3,3700,0,487.46545,500.94666,-0.974872,-0.16800685,1,1
3,3700,1,481.07626,487.33536,-0.16462852,-0.9869516,-1,1
3,3750,0,486.97922,500.85663,-0.97005653,-0.19392595,1,1
3,3750,1,480.98468,486.8434,-0.19405304,-0.9816031,-1,1
3,3800,0,486.49454,500.7573,-0.9674039,-0.20676224,1,1
3,3800,1,480.8847,486.35312,-0.20948915,-0.97842807,-1,1
3,3850,0,486.01273,500.64545,-0.9588041,-0.24360885,1,1
3,3850,1,480.7715,485.8656,-0.23731719,-0.9720643,-1,1
3,3900,0,485.53397,500.52087,-0.9554743,-0.25636834,1,1
3,3900,1,480.6492,485.38065,-0.2555016,-0.96744794,-1,1
3,3950,0,485.0584,500.38492,-0.9455684,-0.29083228,1,1
3,3950,1,480.51227,484.89948,-0.2877177,-0.9583751,-1,1
3,4000,0,484.587,500.23505,-0.94076806,-0.3060191,1,1
3,4000,1,480.3652,484.4212,-0.30420718,-0.95327294,-1,1
3,4050,0,484.11902,500.07492,-0.9299173,-0.33759382,1,1
3,4050,1,480.204,483.94766,-0.33926737,-0.94138193,-1,1
3,4100,0,483.65628,499.90024,-0.9240467,-0.3533646,1,1
3,4100,1,480.03186,483.4781,-0.3531163,-0.9362779,-1,1
3,4150,0,483.1963,499.71832,-0.91446054,-0.37749913,1,1
3,4150,1,479.85202,483.01126,-0.36573383,-0.93142456,-1,1
3,4200,0,482.74216,499.52216,-0.9054454,-0.39866003,1,1
3,4200,1,479.6671,482.54636,-0.37698698,-0.9269292,-1,1
3,4250,0,482.29172,499.31778,-0.89467627,-0.42229095,1,1
3,4250,1,479.4711,482.0861,-0.41033876,-0.9126697,-1,1
3,4300,0,481.84866,499.09744,-0.88054913,-0.45104083,1,1
3,4300,1,479.26056,481.632,-0.4267475,-0.90512043,-1,1
3,4350,0,481.4096,498.86948,-0.87607396,-0.4596754,1,1
3,4350,1,479.04074,481.1826,-0.45571566,-0.89089936,-1,1
3,4400,0,480.9742,498.63474,-0.86419505,-0.48165068,1,1
3,4400,1,478.80884,480.73907,-0.46741986,-0.8848197,-1,1
3,4450,0,480.54486,498.38904,-0.85126185,-0.50417095,1,1
3,4450,1,478.57004,480.29938,-0.4909225,-0.8720076,-1,1
3,4500,0,480.1255,498.1268,-0.82433873,-0.54713184,1,1
3,4500,1,478.31528,479.86887,-0.5208452,-0.85449123,-1,1
3,4550,0,479.7196,497.8439,-0.8069985,-0.57242924,1,1
3,4550,1,478.05142,479.44366,-0.53762114,-0.8440422,-1,1
3,4600,0,479.3193,497.55325,-0.7919981,-0.5930215,1,1
3,4600,1,477.7791,479.02408,-0.5500138,-0.83602357,-1,1
3,4650,0,478.93002,497.24777,-0.76758397,-0.6243307,1,1
3,4650,1,477.50204,478.60724,-0.5600404,-0.82934266,-1,1
3,4700,0,478.54822,496.93335,-0.7601335,-0.63338375,1,1
3,4700,1,477.21536,478.1972,-0.5893333,-0.8088064,-1,1
3,4750,0,478.17026,496.61404,-0.74909776,-0.6464033,1,1
3,4750,1,476.9125,477.79886,-0.6123174,-0.7915675,-1,1
3,4800,0,477.8,496.28592,-0.7361313,-0.66114134,1,1
3,4800,1,476.60327,477.4055,-0.62744325,-0.7796378,-1,1
3,4850,0,477.43536,495.9514,-0.7221913,-0.6763485,1,1
3,4850,1,476.2816,477.0222,-0.6613301,-0.7511346,-1,1
3,4900,0,477.07632,495.61102,-0.711452,-0.6876405,1,1
3,4900,1,475.9484,476.64886,-0.6698965,-0.74350893,-1,1
3,4950,0,476.72336,495.26437,-0.70159733,-0.6976968,1,1
3,4950,1,475.61115,476.2791,-0.68152505,-0.7328687,-1,1
3,5000,0,476.37698,494.9109,-0.6857202,-0.7133165,1,1
3,5000,1,475.26425,475.91888,-0.7033445,-0.7119708,-1,1
3,5050,0,476.0367,494.55173,-0.6725913,-0.72571415,1,1
3,5050,1,474.91037,475.56497,-0.71174735,-0.7035735,-1,1
3,5100,0,475.70294,494.18658,-0.6628598,-0.7346167,1,1
3,5100,1,474.552,475.21585,-0.72447115,-0.69047034,-1,1
3,5150,0,475.3756,493.81564,-0.6499432,-0.7460746,1,1
3,5150,1,474.18402,474.87686,-0.74240535,-0.67116445,-1,1
3,5200,0,475.05444,493.43924,-0.6316656,-0.7616198,1,1
3,5200,1,473.81088,474.54346,-0.7494127,-0.66333354,-1,1
3,5250,0,474.742,493.05573,-0.6200036,-0.77114797,1,1
3,5250,1,473.43268,474.2158,-0.76560426,-0.64458865,-1,1
3,5300,0,474.43427,492.6684,-0.61057425,-0.7786377,1,1
3,5300,1,473.04315,473.9015,-0.78662163,-0.61879027,-1,1
3,5350,0,474.1348,492.27466,-0.5843586,-0.7985143,1,1
3,5350,1,472.64868,473.59375,-0.7930827,-0.61048985,-1,1
3,5400,0,473.85016,491.87006,-0.56305146,-0.8136945,1,1
3,5400,1,472.2475,473.29468,-0.81353277,-0.5829812,-1,1
3,5450,0,473.57193,491.46094,-0.5468749,-0.82465905,1,1
3,5450,1,471.83408,473.01266,-0.8337275,-0.5537501,-1,1
3,5500,0,473.30716,491.0431,-0.5094466,-0.84831524,1,1
3,5500,1,471.4162,472.73758,-0.8399928,-0.5442022,-1,1
3,5550,0,473.05646,490.61664,-0.4953746,-0.8566148,1,1
3,5550,1,470.9919,472.47232,-0.8589185,-0.513838,-1,1
3,5600,0,472.81174,490.1865,-0.48422402,-0.8629696,1,1
3,5600,1,470.5614,472.21732,-0.86515,-0.50327903,-1,1
3,5650,0,472.57346,489.75284,-0.47170544,-0.8698787,1,1
3,5650,1,470.12463,471.97287,-0.8810573,-0.4749066,-1,1
3,5700,0,472.34256,489.3153,-0.44871455,-0.8819664,1,1
3,5700,1,469.68338,471.73672,-0.88471204,-0.4680645,-1,1
3,5750,0,472.12778,488.86957,-0.41732398,-0.89726406,1,1
3,5750,1,469.238,471.50854,-0.89825165,-0.44154528,-1,1
3,5800,0,471.92178,488.41992,-0.4077002,-0.9016795,1,1
3,5800,1,468.7848,471.29663,-0.9106849,-0.41532868,-1,1
3,5850,0,471.722,487.96722,-0.38979724,-0.9095671,1,1
3,5850,1,468.32736,471.09354,-0.92029667,-0.39358714,-1,1
3,5900,0,471.52924,487.51157,-0.37725514,-0.9148429,1,1
3,5900,1,467.86432,470.9043,-0.92900527,-0.37259096,-1,1
3,5950,0,471.34872,487.05093,-0.341536,-0.9287856,1,1
3,5950,1,467.39835,470.72162,-0.9360088,-0.35464126,-1,1
3,6000,0,471.18204,486.5851,-0.32682985,-0.9340668,1,1
3,6000,1,466.92688,470.55362,-0.9484252,-0.32000682,-1,1
4,0,0,480,531.99,0,-1,1,1
4,0,1,511.99,480,-1,0,-1,1
4,50,0,480.00208,531.4895,0.012249716,-0.999927,1,1
4,50,1,511.4895,480.00208,-0.999927,0.012249716,-1,1
4,100,0,480.01666,530.989,0.048491724,-0.9988395,1,1
4,100,1,510.98956,480.01666,-0.9988395,0.048491724,-1,1
4,150,0,480.04312,530.4885,0.061222777,-0.9981422,1,1
4,150,1,510.4906,480.04312,-0.9981422,0.061222777,-1,1
4,200,0,480.0822,529.9907,0.09885151,-0.995135,1,1
4,200,1,509.9921,480.0822,-0.995135,0.09885151,-1,1
4,250,0,480.13367,529.4933,0.111034416,-0.99385154,1,1
4,250,1,509.49466,480.13367,-0.99385154,0.111034416,-1,1
4,300,0,480.19757,528.99725,0.14797191,-0.98904127,1,1
4,300,1,508.9988,480.19757,-0.98904127,0.14797191,-1,1
4,350,0,480.27368,528.50287,0.16007657,-0.9871565,1,1
4,350,1,508.5045,480.27368,-0.9871565,0.16007657,-1,1
4,400,0,480.36203,528.0106,0.19673142,-0.9805243,1,1
4,400,1,508.01245,480.36203,-0.9805243,0.19673142,-1,1
4,450,0,480.4631,527.5208,0.2097454,-0.9778257,1,1
4,450,1,507.52274,480.4631,-0.9778257,0.2097454,-1,1
4,500,0,480.57596,527.0337,0.24504936,-0.96959484,1,1
4,500,1,507.03564,480.57596,-0.96959484,0.24504936,-1,1
4,550,0,480.7021,526.5494,0.25891894,-0.9659874,1,1
4,550,1,506.55188,480.7021,-0.9659874,0.25891894,-1,1
4,600,0,480.8392,526.0685,0.2928058,-0.9562749,1,1
4,600,1,506.07108,480.8392,-0.9562749,0.2928058,-1,1
4,650,0,480.99033,525.5922,0.3086118,-0.9512969,1,1
4,650,1,505.59436,480.99033,-0.9512969,0.3086118,-1,1
4,700,0,481.14706,525.11694,0.3200908,-0.9474983,1,1
4,700,1,505.11945,481.14706,-0.9474983,0.3200908,-1,1
4,750,0,481.31067,524.6439,0.3327778,-0.94312,1,1
4,750,1,504.64688,481.31067,-0.94312,0.3327778,-1,1
4,800,0,481.4834,524.17487,0.36162037,-0.93245226,1,1
4,800,1,504.17758,481.4834,-0.93245226,0.36162037,-1,1
4,850,0,481.67148,523.7112,0.38287112,-0.92393965,1,1
4,850,1,503.71445,481.67178,-0.923649,0.38357332,-1,1
4,900,0,481.86853,523.2516,0.40836307,-0.9129683,1,1
4,900,1,503.25494,481.86905,-0.91286236,0.40860048,-1,1
4,950,0,482.08154,522.7988,0.4338134,-0.90116733,1,1
4,950,1,502.80276,482.0821,-0.9007208,0.43474147,-1,1
4,1000,0,482.30234,522.3502,0.4528662,-0.89175063,1,1
4,1000,1,502.3543,482.30347,-0.89128435,0.45378438,-1,1
4,1050,0,482.5379,521.9092,0.4841951,-0.875153,1,1
4,1050,1,501.91345,482.5394,-0.87417465,0.48596206,-1,1
4,1100,0,482.78293,521.4735,0.4992205,-0.866674,1,1
4,1100,1,501.47806,482.78516,-0.8659153,0.50053716,-1,1
4,1150,0,483.04056,521.045,0.52928364,-0.8486653,1,1
4,1150,1,501.04987,483.04327,-0.848586,0.5294103,-1,1
4,1200,0,483.30676,520.6214,0.5377698,-0.8433152,1,1
4,1200,1,500.6264,483.30954,-0.8432021,0.53794634,-1,1
4,1250,0,483.5821,520.204,0.5663392,-0.8244157,1,1
4,1250,1,500.209,483.585,-0.82429683,0.56651187,-1,1
4,1300,0,483.87366,519.79755,0.59041786,-0.8073639,1,1
4,1300,1,499.80283,483.8767,-0.80667937,0.591354,-1,1
4,1350,0,484.17175,519.39606,0.5997366,-0.8004686,1,1
4,1350,1,499.40134,484.17505,-0.800007,0.6003527,-1,1
4,1400,0,484.4761,518.9991,0.62054455,-0.7844574,1,1
4,1400,1,499.00482,484.47983,-0.783669,0.6215404,-1,1
4,1450,0,484.78793,518.60834,0.6301087,-0.77679884,1,1
4,1450,1,498.6144,484.79245,-0.77580893,0.6313275,-1,1
4,1500,0,485.1085,518.2245,0.6484291,-0.76158285,1,1
4,1500,1,498.2309,485.11346,-0.7612133,0.6488627,-1,1
4,1550,0,485.4352,517.84534,0.6568058,-0.75437254,1,1
4,1550,1,497.8526,485.44037,-0.7536169,0.6576725,-1,1
4,1600,0,485.7671,517.4713,0.6734301,-0.739577,1,1
4,1600,1,497.4788,485.7726,-0.7391394,0.67391014,-1,1
4,1650,0,486.1109,517.10785,0.6963982,-0.7180103,1,1
4,1650,1,497.11557,486.11658,-0.71841365,0.6959805,-1,1
4,1700,0,486.46054,516.7504,0.70298207,-0.7115667,1,1
4,1700,1,496.75815,486.46613,-0.71186864,0.702675,-1,1
4,1750,0,486.81656,516.39923,0.7234983,-0.6907093,1,1
4,1750,1,496.40665,486.82187,-0.69138134,0.72285444,-1,1
4,1800,0,487.1848,516.06085,0.7424606,-0.670303,1,1
4,1800,1,496.0676,487.18945,-0.6718077,0.7410966,-1,1
4,1850,0,487.55762,515.72766,0.7495582,-0.6623589,1,1
4,1850,1,495.73355,487.56177,-0.6638332,0.74825007,-1,1
4,1900,0,487.9371,515.402,0.7705343,-0.6378526,1,1
4,1900,1,495.40695,487.94055,-0.6397522,0.7689543,-1,1
4,1950,0,488.32547,515.08734,0.7810576,-0.6249308,1,1
4,1950,1,495.0906,488.3282,-0.62736267,0.7791014,-1,1
4,2000,0,488.71826,514.77826,0.78920966,-0.61460775,1,1
4,2000,1,494.7799,488.72018,-0.616947,0.7873779,-1,1
4,2050,0,489.11627,514.4757,0.8012334,-0.59885716,1,1
4,2050,1,494.4761,489.11746,-0.60123235,0.79944867,-1,1
4,2100,0,489.51923,514.1793,0.81261575,-0.5833258,1,1
4,2100,1,494.17856,489.51944,-0.585735,0.8108768,-1,1
4,2150,0,489.93042,513.8949,0.8280589,-0.56120604,1,1
4,2150,1,493.8927,489.92963,-0.564297,0.825951,-1,1
4,2200,0,490.34567,513.61566,0.83373004,-0.5527482,1,1
4,2200,1,493.61237,490.34372,-0.55578566,0.83170384,-1,1
4,2250,0,490.76654,513.3455,0.8513918,-0.52515775,1,1
4,2250,1,493.34058,490.76358,-0.52826,0.84946615,-1,1
4,2300,0,491.1977,513.0918,0.8675576,-0.49802974,1,1
4,2300,1,493.0855,491.1938,-0.5011915,0.86573076,-1,1
4,2350,0,491.6328,512.8452,0.87275976,-0.4888589,1,1
4,2350,1,492.83725,491.62817,-0.492118,0.870922,-1,1
4,2400,0,492.07184,512.60583,0.88326555,-0.4696237,1,1
4,2400,1,492.5963,492.06656,-0.4719614,0.882015,-1,1
4,2450,0,492.51498,512.3736,0.89078283,-0.45521083,1,1
4,2450,1,492.36105,492.5108,-0.45771718,0.88922536,-1,1
4,2500,0,492.9646,512.15454,0.9088132,-0.41809657,1,1
4,2500,1,492.14056,492.9596,-0.42111856,0.9071498,-1,1
4,2550,0,493.42035,511.9485,0.91321707,-0.40839538,1,1
4,2550,1,491.93353,493.41483,-0.41138044,0.911611,-1,1
4,2600,0,493.87836,511.74756,0.9205214,-0.39166358,1,1
4,2600,1,491.73163,493.87228,-0.39283898,0.9197584,-1,1
4,2650,0,494.3405,511.55637,0.92663217,-0.37698928,1,1
4,2650,1,491.53992,494.33423,-0.37765822,0.9261001,-1,1
4,2700,0,494.80627,511.37405,0.9376192,-0.34879366,1,1
4,2700,1,491.35724,494.79984,-0.34947866,0.9371078,-1,1
4,2750,0,495.27805,511.20755,0.9458009,-0.3259877,1,1
4,2750,1,491.19058,495.27133,-0.32593822,0.9455644,-1,1
4,2800,0,495.75275,511.05005,0.954189,-0.3005762,1,1
4,2800,1,491.03296,495.74585,-0.30100995,0.95380056,-1,1
4,2850,0,496.23157,510.90634,0.95967484,-0.28259704,1,1
4,2850,1,490.88736,496.22464,-0.2880121,0.95781016,-1,1
4,2900,0,496.7129,510.77005,0.9662512,-0.25924575,1,1
4,2900,1,490.74817,496.70496,-0.26518667,0.96438557,-1,1
4,2950,0,497.19846,510.6496,0.97324634,-0.23165755,1,1
4,2950,1,490.62473,497.18933,-0.23712453,0.9716789,-1,1
4,3000,0,497.68604,510.5383,0.9781645,-0.20994845,1,1
4,3000,1,490.51053,497.67627,-0.21593723,0.97661126,-1,1
4,3050,0,498.17682,510.4425,0.9839873,-0.18077154,1,1
4,3050,1,490.412,498.16653,-0.18628316,0.98271173,-1,1
4,3100,0,498.66962,510.35626,0.9875307,-0.16031711,1,1
4,3100,1,490.32285,498.65857,-0.1663472,0.9862868,-1,1
4,3150,0,499.16483,510.28537,0.99185336,-0.13103177,1,1
4,3150,1,490.2489,499.1533,-0.13659082,0.99085844,-1,1
4,3200,0,499.6612,510.22388,0.99430794,-0.11092174,1,1
4,3200,1,490.18457,499.64923,-0.116996534,0.9933672,-1,1
4,3250,0,500.15936,510.17752,0.99720794,-0.08094836,1,1
4,3250,1,490.13525,500.14713,-0.08654061,0.9964949,-1,1
4,3300,0,500.65833,510.1411,0.99861676,-0.0612393,1,1
4,3300,1,490.0959,500.6461,-0.067343526,0.9979803,-1,1
4,3350,0,501.1582,510.11957,1.0000085,-0.031508133,1,1
4,3350,1,490.07153,501.14557,-0.03712891,0.9995725,-1,1
4,3400,0,501.6587,510.10785,1.0004402,-0.011753163,1,1
4,3400,1,490.05682,501.64606,-0.017881542,1.0001063,-1,1
4,3450,0,502.15918,510.11127,1.000359,0.01801094,1,1
4,3450,1,490.05713,502.14655,0.012375375,1.0002018,-1,1
4,3500,0,502.65967,510.12427,0.99981225,0.037763387,1,1
4,3500,1,490.06714,502.64703,0.031625893,0.9997822,-1,1
4,3550,0,503.159,510.15234,0.9982584,0.0674875,1,1
4,3550,1,490.0921,503.1464,0.06185096,0.9983804,-1,1
4,3600,0,503.65796,510.19003,0.9967354,0.08718904,1,1
4,3600,1,490.1269,503.64536,0.08105746,0.997009,-1,1
4,3650,0,504.15555,510.24274,0.9937128,0.116800345,1,1
4,3650,1,490.17648,504.1431,0.11117664,0.9941133,-1,1
4,3700,0,504.6519,510.30505,0.9912168,0.13640273,1,1
4,3700,1,490.23596,504.63977,0.1302921,0.9917933,-1,1
4,3750,0,505.146,510.3824,0.98659,0.16667728,1,1
4,3750,1,490.3105,505.1346,0.16109066,0.98727125,-1,1
4,3800,0,505.63855,510.46954,0.98320305,0.18563788,1,1
4,3800,1,490.3947,505.62747,0.17957331,0.9840814,-1,1
4,3850,0,506.12827,510.5717,0.97696334,0.21614304,1,1
4,3850,1,490.49368,506.11752,0.21060753,0.9779231,-1,1
4,3900,0,506.61597,510.68335,0.97274303,0.23442294,1,1
4,3900,1,490.60248,506.60553,0.22841938,0.97392046,-1,1
4,3950,0,507.09995,510.80972,0.9643722,0.26682767,1,1
4,3950,1,490.72604,507.09012,0.26137862,0.96561176,-1,1
4,4000,0,507.58133,510.94644,0.9596294,0.28342354,1,1
4,4000,1,490.8599,507.5719,0.27751616,0.96110153,-1,1
4,4050,0,508.0594,511.09366,0.954899,0.29899043,1,1
4,4050,1,491.00766,508.04968,0.312399,0.9503519,-1,1
4,4100,0,508.53607,511.24582,0.95023143,0.31351826,1,1
4,4100,1,491.16605,508.52393,0.32496414,0.9461315,-1,1
4,4150,0,509.00815,511.41135,0.93686175,0.3515067,1,1
4,4150,1,491.3367,508.99408,0.3609126,0.9330269,-1,1
4,4200,0,509.47595,511.589,0.93248737,0.3629573,1,1
4,4200,1,491.51956,509.45975,0.37280786,0.92834055,-1,1
4,4250,0,509.93896,511.77832,0.9183365,0.39743838,1,1
4,4250,1,491.71365,509.92078,0.40667066,0.9140288,-1,1
4,4300,0,510.39633,511.98135,0.91176564,0.4123011,1,1
4,4300,1,491.92184,510.37546,0.42257833,0.90679044,-1,1
4,4350,0,510.85095,512.18976,0.9066909,0.42334917,1,1
4,4350,1,492.137,510.82712,0.43536788,0.9007229,-1,1
4,4400,0,511.30252,512.40546,0.9005517,0.4362634,1,1
4,4400,1,492.35788,511.27597,0.44654873,0.8952348,-1,1
4,4450,0,511.75,512.62933,0.88764656,0.4619746,1,1
4,4450,1,492.58646,511.7209,0.47077888,0.88274264,-1,1
4,4500,0,512.18884,512.86945,0.8732897,0.4885997,1,1
4,4500,1,492.83252,512.1564,0.51625323,0.85697466,-1,1
4,4550,0,512.62354,513.1165,0.86751,0.49879315,1,1
4,4550,1,493.1046,512.57605,0.56194866,0.8277728,-1,1
4,4600,0,513.05505,513.37,0.8575046,0.5158133,1,1
4,4600,1,493.39276,512.98486,0.59320134,0.80569005,-1,1
4,4650,0,513.4819,513.6306,0.8495415,0.5288312,1,1
4,4650,1,493.69165,513.3863,0.60389006,0.7977135,-1,1
4,4700,0,513.9001,513.90454,0.8370688,0.5528319,1,1
4,4700,1,494.0001,513.7801,0.6324126,0.77531374,-1,1
4,4750,0,514.308,514.1934,0.8158083,0.578988,1,1
4,4750,1,494.31723,514.16724,0.63717663,0.77140373,-1,1
4,4800,0,514.7121,514.488,0.7988346,0.6022053,1,1
4,4800,1,494.63943,514.54974,0.65456337,0.75671417,-1,1
4,4850,0,515.1044,514.7983,0.77529967,0.6322473,1,1
4,4850,1,494.9751,514.92084,0.6899527,0.72462523,-1,1
4,4900,0,515.4902,515.11707,0.7685235,0.6404694,1,1
4,4900,1,495.32245,515.2807,0.69897354,0.71593344,-1,1
4,4950,0,515.87177,515.44055,0.7547448,0.6566578,1,1
4,4950,1,495.6769,515.6337,0.72135603,0.6933911,-1,1
4,5000,0,516.24506,515.7734,0.742318,0.67068195,1,1
4,5000,1,496.04654,515.9709,0.75432205,0.6574178,-1,1
4,5050,0,516.61285,516.1126,0.7303411,0.6837108,1,1
4,5050,1,496.42468,516.2986,0.7610545,0.6496146,-1,1
4,5100,0,516.9752,516.45734,0.7163503,0.69836223,1,1
4,5100,1,496.81024,516.6173,0.7831743,0.62278885,-1,1
4,5150,0,517.33136,516.80884,0.7071778,0.70765257,1,1
4,5150,1,497.208,516.921,0.8008001,0.5999787,-1,1
4,5200,0,517.68085,517.167,0.6939982,0.7205894,1,1
4,5200,1,497.61,517.219,0.8072638,0.59125566,-1,1
4,5250,0,518.0242,517.53046,0.6782397,0.73544836,1,1
4,5250,1,498.0175,517.5092,0.82383156,0.5679592,-1,1
4,5300,0,518.3616,517.90027,0.6680651,0.74470615,1,1
4,5300,1,498.43066,517.7914,0.8312862,0.5569953,-1,1
4,5350,0,518.69196,518.2754,0.6571011,0.7544023,1,1
4,5350,1,498.85062,518.0628,0.8466909,0.5333063,-1,1
4,5400,0,519.0154,518.65704,0.6352883,0.7728724,1,1
4,5400,1,499.27502,518.3278,0.8511782,0.52611595,-1,1
4,5450,0,519.3314,519.0453,0.6268274,0.7797524,1,1
4,5450,1,499.70383,518.58563,0.8657065,0.5018678,-1,1
4,5500,0,519.64276,519.43695,0.6152599,0.78891516,1,1
4,5500,1,500.142,518.82666,0.8826069,0.47154826,-1,1
4,5550,0,519.9433,519.83685,0.5834321,0.81275535,1,1
4,5550,1,500.5849,519.05896,0.8890186,0.45935166,-1,1
4,5600,0,520.2326,520.2441,0.57877654,0.813775,1,1
4,5600,1,501.0311,519.2854,0.89647055,0.4446404,-1,1
4,5650,0,520.5164,520.655,0.55757314,0.8281358,1,1
4,5650,1,501.48047,519.5057,0.9025017,0.43227336,-1,1
4,5700,0,520.78564,521.07526,0.5222615,0.850871,1,1
4,5700,1,501.93542,519.7138,0.9185851,0.3969919,-1,1
4,5750,0,521.0442,521.50195,0.5118006,0.8572063,1,1
4,5750,1,502.39667,519.90784,0.92525584,0.3812012,-1,1
4,5800,0,521.2976,521.9323,0.4978057,0.8654122,1,1
4,5800,1,502.8613,520.0932,0.93142295,0.3658848,-1,1
4,5850,0,521.54364,522.3665,0.48605293,0.8720705,1,1
4,5850,1,503.32797,520.27356,0.9353036,0.3558516,-1,1
4,5900,0,521.78015,522.80597,0.45679864,0.8877571,1,1
4,5900,1,503.79797,520.4453,0.94548374,0.32787603,-1,1
4,5950,0,522.0003,523.2537,0.43327346,0.8994864,1,1
4,5950,1,504.27332,520.60065,0.9533303,0.30434236,-1,1
4,6000,0,522.2152,523.7042,0.4222234,0.9047282,1,1
4,6000,1,504.7517,520.74744,0.96099716,0.27921748,-1,1
